player_name,nfl_team
Bryson Albright,ARI
Budda Baker,ARI
Matt Barkley,ARI
Khalif Barnes,ARI
Antoine Bethea,ARI
Justin Bethel,ARI
Evan Boehm,ARI
Alex Boone,ARI
Tyvon Branch,ARI
Aaron Brewer,ARI
Jaron Brown,ARI
John Brown,ARI
Deone Bucannon,ARI
Josh Bynes,ARI
Karlos Dansby,ARI
Phil Dawson,ARI
Jim Dray,ARI
Justin Drescher,ARI
Andre Ellington,ARI
Larry Fitzgerald,ARI
Johnathan Ford,ARI
D.J. Foster,ARI
Blaine Gabbert,ARI
Brittan Golden,ARI
Markus Golden,ARI
C.J. Goodwin,ARI
Jermaine Gresham,ARI
Rodney Gunter,ARI
Bronson Hill,ARI
Will Holden,ARI
Gabe Holmes,ARI
D.J. Humphries,ARI
Mike Iupati,ARI
Chris Johnson,ARI
David Johnson,ARI
Chandler Jones,ARI
Andy Lee,ARI
Gabe Martin,ARI
Kareem Martin,ARI
Tyrann Mathieu,ARI
Josh Mauro,ARI
Harlan Miller,ARI
Ifeanyi Momah,ARI
Daniel Munyer,ARI
J.J. Nelson,ARI
Troy Niklas,ARI
Robert Nkemdiche,ARI
Vinston Painter,ARI
Carson Palmer,ARI
Elijhaa Penny,ARI
Corey Peters,ARI
Adrian Peterson,ARI
Patrick Peterson,ARI
Olsen Pierre,ARI
Haason Reddick,ARI
Edmond Robinson,ARI
Frostee Rucker,ARI
Ricky Seals-Jones,ARI
A.Q. Shipley,ARI
Drew Stanton,ARI
Max Tuerk,ARI
Jared Veldheer,ARI
Earl Watford,ARI
John Wetzel,ARI
Brandon Williams,ARI
Chad Williams,ARI
Kerwynn Williams,ARI
Tramon Williams,ARI
Xavier Williams,ARI
Scooby Wright,ARI
Robert Alford,ATL
Ricardo Allen,ATL
Vic Beasley,ATL
Matt Bosher,ATL
Matt Bryant,ATL
De'Vondre Campbell,ATL
Adrian Clayborn,ATL
Derrick Coleman,ATL
Tevin Coleman,ATL
Jack Crawford,ATL
Jamil Douglas,ATL
Devonta Freeman,ATL
Taylor Gabriel,ATL
Ben Garland,ATL
C.J. Goodwin,ATL
Jermaine Grace,ATL
Marvin Hall,ATL
Justin Hardy,ATL
Sean Harlow,ATL
Josh Harris,ATL
Brian Hill,ATL
Austin Hooper,ATL
Kemal Ishmael,ATL
Grady Jarrett,ATL
Deion Jones,ATL
Julio Jones,ATL
Damontae Kazee,ATL
Andrew Levitre,ATL
Alex Mack,ATL
Terrence Magee,ATL
Jake Matthews,ATL
Leon McFadden,ATL
Takkarist McKinley,ATL
Keanu Neal,ATL
Sharrod Neasman,ATL
Ayodeji Olatoye,ATL
Austin Pasztor,ATL
Dontari Poe,ATL
Brian Poole,ATL
Brooks Reed,ATL
LaRoy Reynolds,ATL
Duke Riley,ATL
Andre Roberts,ATL
Ahtyba Rubin,ATL
Matt Ryan,ATL
Ty Sambrailo,ATL
Mohamed Sanu,ATL
Eric Saubert,ATL
Matt Schaub,ATL
Ryan Schraeder,ATL
Wes Schweitzer,ATL
Derrick Shelby,ATL
Levine Toilolo,ATL
Jordan Tripp,ATL
Desmond Trufant,ATL
Taniela Tupou,ATL
Courtney Upshaw,ATL
Joe Vellano,ATL
Terron Ward,ATL
Sean Weatherspoon,ATL
Nick Williams,ATL
Blidi Wreh-Wilson,ATL
Quincy Adeboyejo,BAL
Javorius Allen,BAL
Tony Bergstrom,BAL
Luke Bowanko,BAL
Tyus Bowser,BAL
Nick Boyle,BAL
Bam Bradley,BAL
Michael Campanaro,BAL
Maurice Canady,BAL
Brandon Carr,BAL
Chuck Clark,BAL
Alex Collins,BAL
Kamalei Correa,BAL
Morgan Cox,BAL
Carl Davis,BAL
Andrew Donnal,BAL
Jermaine Eluemunor,BAL
Gavin Escobar,BAL
Joe Flacco,BAL
Jonathan Freeny,BAL
Willie Henry,BAL
Jaylen Hill,BAL
Austin Howard,BAL
Marlon Humphrey,BAL
James Hurst,BAL
Stanley Jean-Baptiste,BAL
Tony Jefferson,BAL
Ryan Jensen,BAL
Steven Johnson,BAL
Matt Judon,BAL
Bronson Kaufusi,BAL
Sam Koch,BAL
Anthony Levine,BAL
Jeremy Maclin,BAL
Ryan Mallett,BAL
Chris Matthews,BAL
Vince Mayle,BAL
Tony McRae,BAL
Chris Moore,BAL
C.J. Mosley,BAL
Patrick Onwuasor,BAL
Breshad Perriman,BAL
Michael Pierce,BAL
Bobby Rainey,BAL
Patrick Ricard,BAL
Maurquice Shakir,BAL
Matt Skura,BAL
Jimmy Smith,BAL
Za'Darius Smith,BAL
Ronnie Stanley,BAL
Terrell Suggs,BAL
Justin Tucker,BAL
Brent Urban,BAL
Mike Wallace,BAL
Benjamin Watson,BAL
Lardarius Webb,BAL
Eric Weddle,BAL
Terrance West,BAL
Griff Whalen,BAL
Brandon Williams,BAL
Maxx Williams,BAL
Tim Williams,BAL
Danny Woodhead,BAL
Chris Wormley,BAL
Marshal Yanda,BAL
Lorenzo Alexander,BUF
Colt Anderson,BUF
Joe Banyard,BUF
Kelvin Benjamin,BUF
Robert Blanton,BUF
Breon Borders,BUF
Preston Brown,BUF
Travaris Cadet,BUF
Nordly Capi,BUF
Charles Clay,BUF
Kaelin Clay,BUF
Deandre Coleman,BUF
Marcell Dareus,BUF
Ryan Davis,BUF
Dion Dawkins,BUF
Patrick DiMarco,BUF
Vlad Ducasse,BUF
Malachi Dupre,BUF
Trae Elston,BUF
Reid Ferguson,BUF
E.J. Gaines,BUF
Cordy Glenn,BUF
Ryan Groy,BUF
Rickey Hatley,BUF
Stephen Hauschka,BUF
Seantrel Henderson,BUF
Andre Holmes,BUF
Jerry Hughes,BUF
Ramon Humber,BUF
Micah Hyde,BUF
Richie Incognito,BUF
Leonard Johnson,BUF
Taiwan Jones,BUF
Zay Jones,BUF
Deon Lacey,BUF
Shaq Lawson,BUF
Khari Lee,BUF
Greg Mabin,BUF
Jordan Matthews,BUF
LeSean McCoy,BUF
Conor McDermott,BUF
Matt Milano,BUF
John Miller,BUF
Jordan Mills,BUF
Marcus Murphy,BUF
Nick O'Leary,BUF
Nathan Peterman,BUF
Lafayette Pitts,BUF
Jordan Poyer,BUF
Brandon Reilly,BUF
Colton Schmidt,BUF
Brandon Tate,BUF
Tyrod Taylor,BUF
Logan Thomas,BUF
Shamarko Thomas,BUF
Deonte Thompson,BUF
Cedric Thornton,BUF
Mike Tolbert,BUF
Tanner Vallejo,BUF
Adolphus Washington,BUF
Joe Webb,BUF
Tre'Davious White,BUF
Kyle Williams,BUF
Eric Wood,BUF
Jerel Worthy,BUF
Shareece Wright,BUF
Eddie Yarbrough,BUF
Mike Adams,CAR
Mario Addison,CAR
Derek Anderson,CAR
Alex Armah,CAR
Cameron Artis-Payne,CAR
Kelvin Benjamin,CAR
Brenton Bersin,CAR
James Bradberry,CAR
Vernon Butler,CAR
Damiere Byrd,CAR
Jairus Byrd,CAR
Jeremy Cash,CAR
Blaine Clausell,CAR
Kaelin Clay,CAR
Kurt Coleman,CAR
Bryan Cox,CAR
Demetrious Cox,CAR
Thomas Davis,CAR
Ed Dickson,CAR
Mose Frazier,CAR
Devin Funchess,CAR
Andrew Gachkar,CAR
Graham Gano,CAR
Garrett Gilbert,CAR
LaDarius Gunter,CAR
Daeshon Hall,CAR
Wes Horton,CAR
Ben Jacobs,CAR
J.J. Jansen,CAR
Charles Johnson,CAR
Colin Jones,CAR
Matt Kalil,CAR
Ryan Kalil,CAR
Luke Kuechly,CAR
Tyler Larsen,CAR
Star Lotulelei,CAR
Kyle Love,CAR
Chris Manhertz,CAR
David Mayo,CAR
Christian McCaffrey,CAR
Zach Moore,CAR
Taylor Moton,CAR
Captain Munnerlyn,CAR
Cam Newton,CAR
Jared Norris,CAR
Andrew Norwell,CAR
Greg Olsen,CAR
Michael Palardy,CAR
Spencer Paysinger,CAR
Julius Peppers,CAR
Curtis Samuel,CAR
Kevon Seymour,CAR
Russell Shepard,CAR
Kawann Short,CAR
Amini Silatolu,CAR
Dezmen Southward,CAR
Jonathan Stewart,CAR
Shaq Thompson,CAR
Trai Turner,CAR
Greg Van Roten,CAR
Fozzy Whittaker,CAR
Daryl Williams,CAR
Daryl Worley,CAR
Sam Acho,CHI
Adrian Amos,CHI
Prince Amukamara,CHI
Jonathan Anderson,CHI
Connor Barth,CHI
Josh Bellamy,CHI
Ben Braunecker,CHI
Daniel Brown,CHI
Jonathan Bullard,CHI
Michael Burton,CHI
Deon Bush,CHI
Bryce Callahan,CHI
Tarik Cohen,CHI
Tom Compton,CHI
Marcus Cooper,CHI
Rashaad Coward,CHI
Benny Cunningham,CHI
Quintin Demps,CHI
Andrew DePaola,CHI
Leonard Floyd,CHI
Jerrell Freeman,CHI
Kyle Fuller,CHI
Tanner Gentry,CHI
Mike Glennon,CHI
Eddie Goldman,CHI
Hroniss Grasu,CHI
Brandon Greene,CHI
Deiondre' Hall,CHI
Akiem Hicks,CHI
Lamarr Houston,CHI
DeAndre Houston-Carson,CHI
Jordan Howard,CHI
Dontrelle Inman,CHI
Isaiah Irving,CHI
Eddie Jackson,CHI
John Jenkins,CHI
Christian Jones,CHI
Howard Jones,CHI
Nick Kwiatkoski,CHI
Cre'von LeBlanc,CHI
Cameron Lee,CHI
Charles Leno,CHI
Kyle Long,CHI
Bobby Massie,CHI
Tre McBride,CHI
Sherrick McManis,CHI
Pernell McPhee,CHI
Zach Miller,CHI
Taquan Mizzell,CHI
Mike Nugent,CHI
Pat O'Donnell,CHI
Chris Prosinski,CHI
Roy Robertson-Harris,CHI
Mark Sanchez,CHI
Cairo Santos,CHI
Adam Shaheen,CHI
Dion Sims,CHI
Josh Sitton,CHI
Bradley Sowell,CHI
Deonte Thompson,CHI
John Timu,CHI
Danny Trevathan,CHI
Mitchell Trubisky,CHI
Mitch Unrein,CHI
Markus Wheaton,CHI
Kevin White,CHI
Cody Whitehair,CHI
Kendall Wright,CHI
Willie Young,CHI
Geno Atkins,CIN
Brandon Bell,CIN
Giovani Bernard,CIN
Andrew Billings,CIN
Russell Bodine,CIN
Clint Boling,CIN
Tyler Boyd,CIN
Randy Bullock,CIN
Vontaze Burfict,CIN
Cethan Carter,CIN
Cody Core,CIN
Andy Dalton,CIN
Darqueze Dennard,CIN
Carlos Dunlap,CIN
Tyler Eifert,CIN
Alex Erickson,CIN
Jordan Evans,CIN
Clayton Fejedelem,CIN
Jake Fisher,CIN
Ryan Glasgow,CIN
A.J. Green,CIN
Clark Harris,CIN
Ryan Hewitt,CIN
Brian Hill,CIN
Jeremy Hill,CIN
Trey Hopkins,CIN
Kevin Huber,CIN
George Iloka,CIN
William Jackson,CIN
Michael Johnson,CIN
T.J. Johnson,CIN
Adam Jones,CIN
Dre Kirkpatrick,CIN
Marshall Koehn,CIN
Tyler Kroft,CIN
Brandon LaFell,CIN
Carl Lawson,CIN
Josh Malone,CIN
A.J. McCarron,CIN
Tony McRae,CIN
Kevin Minter,CIN
Joe Mixon,CIN
Justin Murray,CIN
Hardy Nickerson,CIN
Cedric Ogbuehi,CIN
Kent Perkins,CIN
Alex Redmond,CIN
Vincent Rey,CIN
John Ross,CIN
KeiVarae Russell,CIN
Josh Shaw,CIN
Pat Sims,CIN
Andre Smith,CIN
Chris Smith,CIN
Derron Smith,CIN
Josh Tupou,CIN
C.J. Uzomah,CIN
Nick Vigil,CIN
Christian Westerman,CIN
Jarveon Williams,CIN
Shawn Williams,CIN
Jordan Willis,CIN
Brandon Wilson,CIN
Eric Winston,CIN
Dominique Alexander,CLE
Zach Banner,CLE
B.J. Bello,CLE
Joel Bitonio,CLE
Briean Boddy-Calhoun,CLE
Caleb Brantley,CLE
Kenny Britt,CLE
James Burgess,CLE
Ibraheim Campbell,CLE
Jeremy Cash,CLE
Sammie Coates,CLE
Corey Coleman,CLE
Shon Coleman,CLE
Trevon Coley,CLE
Jamie Collins,CLE
Britton Colquitt,CLE
Isaiah Crowell,CLE
Justin Currie,CLE
Matt Dayes,CLE
Seth Devalve,CLE
Spencer Drango,CLE
Lavar Edwards,CLE
Myles Garrett,CLE
Zane Gonzalez,CLE
Josh Gordon,CLE
Geoff Gray,CLE
Matt Hazel,CLE
Rashard Higgins,CLE
Darius Hillary,CLE
Kevin Hogan,CLE
Tyrone Holmes,CLE
Charley Hughlett,CLE
Duke Johnson,CLE
Michael Jordan,CLE
Cody Kessler,CLE
Josh Keyes,CLE
Derrick Kindred,CLE
Deon King,CLE
Christian Kirksey,CLE
DeShone Kizer,CLE
Matt Lengel,CLE
Jordan Leslie,CLE
Ricardo Louis,CLE
Marcus Martin,CLE
Jason McCourty,CLE
T.Y. McGill,CLE
Jamie Meder,CLE
Kai Nacua,CLE
Carl Nassib,CLE
David Njoku,CLE
Emmanuel Ogbah,CLE
Larry Ogunjobi,CLE
Nate Orchard,CLE
Jabrill Peppers,CLE
Reggie Porter,CLE
Austin Reiter,CLE
Joe Schobert,CLE
Danny Shelton,CLE
CJ Smith,CLE
Derron Smith,CLE
Jamar Taylor,CLE
Randall Telfer,CLE
Joe Thomas,CLE
Bryce Treggs,CLE
J.C. Tretter,CLE
Dan Vitale,CLE
Kasen Williams,CLE
Marquez Williams,CLE
Kevin Zeitler,CLE
Richard Ash,DAL
Chidobe Awuzie,DAL
Dan Bailey,DAL
Cole Beasley,DAL
Byron Bell,DAL
Bene Benwikere,DAL
Anthony Brown,DAL
Noah Brown,DAL
Dez Bryant,DAL
Brice Butler,DAL
Nolan Carroll,DAL
Taco Charlton,DAL
La'el Collins,DAL
Maliek Collins,DAL
Jonathan Cooper,DAL
Tyrone Crawford,DAL
Justin Durant,DAL
Kadeem Edwards,DAL
Ezekiel Elliott,DAL
Jayrone Elliott,DAL
Kavon Frazier,DAL
Travis Frederick,DAL
Chaz Green,DAL
James Hanna,DAL
Jeff Heath,DAL
Anthony Hitchens,DAL
David Irving,DAL
Blake Jarwin,DAL
Tre'von Johnson,DAL
Byron Jones,DAL
Chris Jones,DAL
Datone Jones,DAL
Lenny Jones,DAL
L.P. Ladouceur,DAL
Demarcus Lawrence,DAL
Sean Lee,DAL
Lance Lenoir,DAL
Jourdan Lewis,DAL
Joe Looney,DAL
Justin March,DAL
Zack Martin,DAL
Benson Mayowa,DAL
Darren McFadden,DAL
Damontre Moore,DAL
Alfred Morris,DAL
Lewis Neal,DAL
Mike Nugent,DAL
Stephen Paea,DAL
Dak Prescott,DAL
Brian Price,DAL
Daniel Ross,DAL
Cooper Rush,DAL
Orlando Scandrick,DAL
Jaylon Smith,DAL
Keith Smith,DAL
Rod Smith,DAL
Tyron Smith,DAL
Geoff Swaim,DAL
Ryan Switzer,DAL
Charles Tapper,DAL
Kyle Wilber,DAL
Terrance Williams,DAL
Damien Wilson,DAL
Jason Witten,DAL
Xavier Woods,DAL
C.J. Anderson,DEN
Zaire Anderson,DEN
Allen Barbre,DEN
Shaquil Barrett,DEN
Garett Bolles,DEN
Devontae Booker,DEN
Jamal Carter,DEN
Jamaal Charles,DEN
Todd Davis,DEN
A.J. Derby,DEN
J.J. Dielman,DEN
Riley Dixon,DEN
Lorenzo Doss,DEN
Kasim Edebali,DEN
Bennie Fowler,DEN
Max Garcia,DEN
Jerrol Garcia-Williams,DEN
Adam Gotsis,DEN
Virgil Green,DEN
Chris Harris,DEN
Shelby Harris,DEN
De'Angelo Henderson,DEN
Jeff Heuerman,DEN
Michael Hunter,DEN
Andy Janovich,DEN
Tyrique Jarrett,DEN
Joseph Jones,DEN
Zach Kerr,DEN
Cyrus Kouandjio,DEN
Casey Kreiter,DEN
Matt LaCosse,DEN
Brendan Langley,DEN
Cody Latimer,DEN
Ronald Leary,DEN
Paxton Lynch,DEN
Brandon Marshall,DEN
Connor McGovern,DEN
Isaiah McKenzie,DEN
Brandon McManus,DEN
Von Miller,DEN
Deiontrez Mount,DEN
Corey Nelson,DEN
Brock Osweiler,DEN
Matt Paradis,DEN
William Parks,DEN
Domata Peko,DEN
Kyle Peko,DEN
Shane Ray,DEN
Marcus Rios,DEN
Bradley Roby,DEN
Ahtyba Rubin,DEN
Emmanuel Sanders,DEN
Hunter Sharp,DEN
Trevor Siemian,DEN
Justin Simmons,DEN
Kevin Snyder,DEN
Donald Stephenson,DEN
Darian Stewart,DEN
Aqib Talib,DEN
Jordan Taylor,DEN
Demaryius Thomas,DEN
Dymonte Thomas,DEN
Austin Traylor,DEN
Billy Turner,DEN
DeMarcus Walker,DEN
Menelik Watson,DEN
Elijah Wilkinson,DEN
Derek Wolfe,DEN
Jared Abbrederis,DET
Ameer Abdullah,DET
Jamal Agnew,DET
Ezekiel Ansah,DET
Don Barclay,DET
Alex Barrett,DET
Nick Bellore,DET
Jace Billingsley,DET
Don Carey,DET
Emmett Cleary,DET
Rodney Coe,DET
Joe Dahl,DET
Jarrad Davis,DET
Taylor Decker,DET
Quandre Diggs,DET
Eric Ebron,DET
Kasim Edebali,DET
Darren Fells,DET
Dwight Freeney,DET
Graham Glasgow,DET
Kenny Golladay,DET
Tion Green,DET
D.J. Hayden,DET
George Johnson,DET
Andy Jones,DET
Marvin Jones,DET
T.J. Jones,DET
Zac Kerin,DET
Miles Killebrew,DET
T.J. Lang,DET
Nevin Lawson,DET
Jeremiah Ledbetter,DET
Tim Lelito,DET
Jeff Locke,DET
Steve Longa,DET
Bradley Marquez,DET
Sam Martin,DET
Brian Mihalik,DET
Don Muhlbach,DET
Haloti Ngata,DET
Matt Prater,DET
Glover Quin,DET
Kasey Redfern,DET
Jalen Reeves-Maybin,DET
Caraun Reid,DET
Theo Riddick,DET
Christian Ringo,DET
Michael Roberts,DET
A'Shawn Robinson,DET
Corey Robinson,DET
Greg Robinson,DET
Jake Rudock,DET
Dan Skipper,DET
Darius Slay,DET
Jacquies Smith,DET
Akeem Spence,DET
Matthew Stafford,DET
Travis Swanson,DET
Jalen Tabor,DET
Golden Tate,DET
Khyri Thornton,DET
Hakeem Valles,DET
Jeremiah Valoaga,DET
Ricky Wagner,DET
Charles Washington,DET
Cornelius Washington,DET
Dwayne Washington,DET
Tahir Whitehead,DET
Tavon Wilson,DET
Paul Worrilow,DET
Zach Zenner,DET
Anthony Zettel,DET
Davante Adams,GB
Montravius Adams,GB
Geronimo Allison,GB
David Bakhtiari,GB
Martellus Bennett,GB
Vince Biegel,GB
Kentrell Brice,GB
Ahmad Brooks,GB
Donatello Brown,GB
Bryan Bulaga,GB
Morgan Burnett,GB
Emanuel Byrd,GB
Joe Callahan,GB
Kenny Clark,GB
Michael Clark,GB
Ha Ha Clinton-Dix,GB
Randall Cobb,GB
Mason Crosby,GB
Mike Daniels,GB
Trevor Davis,GB
Dillon Day,GB
Quinton Dial,GB
Jahri Evans,GB
Marwin Evans,GB
Kyler Fackrell,GB
Reggie Gilbert,GB
Brett Goode,GB
LaDarius Gunter,GB
Derek Hart,GB
Josh Hawkins,GB
Davon House,GB
Brett Hundley,GB
Jeff Janis,GB
Ricky Jean-Francois,GB
Ulrick John,GB
Aaron Jones,GB
Josh Jones,GB
Lance Kendricks,GB
Joe Kerridge,GB
Kevin King,GB
Corey Linsley,GB
Dean Lowry,GB
Blake Martinez,GB
Clay Matthews,GB
Devante Mays,GB
Justin McCray,GB
Ty Montgomery,GB
Kyle Murphy,GB
Jordy Nelson,GB
Chris Odom,GB
Adam Pankey,GB
Lucas Patrick,GB
Taybor Pepper,GB
Nick Perry,GB
Lenzy Pipkins,GB
Damarious Randall,GB
Aaron Ripkowski,GB
Aaron Rodgers,GB
Richard Rodgers,GB
Quinten Rollins,GB
Jake Ryan,GB
Jason Spriggs,GB
Lane Taylor,GB
Joe Thomas,GB
Justin Vogel,GB
Jermaine Whitehead,GB
Jamaal Williams,GB
Jeff Allen,HOU
Stephen Anderson,HOU
Johnthan Banks,HOU
Evan Baylis,HOU
Angelo Blackson,HOU
Alfred Blue,HOU
Duane Brown,HOU
Marcus Burley,HOU
Ibraheim Campbell,HOU
Chris Clark,HOU
Jarrod Clements,HOU
Jadeveon Clowney,HOU
Dylan Cole,HOU
Christian Covington,HOU
Marcus Cromartie,HOU
Zach Cunningham,HOU
Brian Cushing,HOU
Julie'n Davenport,HOU
Treston Decoud,HOU
Kurtis Drummond,HOU
Brandon Dunn,HOU
Andre Ellington,HOU
Bruce Ellington,HOU
Tyler Ervin,HOU
Ka'imi Fairbairn,HOU
C.J. Fiedorowicz,HOU
D'Onta Foreman,HOU
Kyle Fuller,HOU
Will Fuller,HOU
Breno Giacomini,HOU
Marcus Gilchrist,HOU
Ryan Griffin,HOU
Andre Hal,HOU
Cobi Hamilton,HOU
Joel Heath,HOU
Ben Heeney,HOU
Taylor Heinicke,HOU
DeAndre Hopkins,HOU
Lamarr Houston,HOU
Kareem Jackson,HOU
Jelani Jenkins,HOU
Josh Johnson,HOU
Kevin Johnson,HOU
Andy Jones,HOU
Johnathan Joseph,HOU
Ufomba Kamalu,HOU
Kendall Lamm,HOU
Kendall Langford,HOU
Shane Lechler,HOU
LaTroy Lewis,HOU
Ryan Malleck,HOU
Greg Mancz,HOU
Nick Martin,HOU
Benardrick McKinney,HOU
Whitney Mercilus,HOU
Braxton Miller,HOU
Lamar Miller,HOU
Corey Moore,HOU
Brian Peters,HOU
Eddie Pleasant,HOU
Gimel President,HOU
Jay Prosch,HOU
MyCole Pruitt,HOU
David Quessenberry,HOU
D.J. Reader,HOU
Tom Savage,HOU
Brennan Scarlett,HOU
Chad Slade,HOU
Jaelen Strong,HOU
Xavier Su'a-Filo,HOU
Chris Thompson,HOU
Jordan Todman,HOU
Carlos Watkins,HOU
Deshaun Watson,HOU
J.J. Watt,HOU
Jonathan Weeks,HOU
DeAndrew White,HOU
Marcus Williams,HOU
T.J. Yates,HOU
Kamar Aiken,IND
Henry Anderson,IND
Tarell Basham,IND
Deyshawn Bond,IND
Jonathan Bostic,IND
Quan Bray,IND
K.J. Brent,IND
Jacoby Brissett,IND
Tyreek Burwell,IND
Darius Butler,IND
Anthony Castonzo,IND
Le'Raven Clark,IND
Darrell Daniels,IND
Vontae Davis,IND
Pierre Desir,IND
Jack Doyle,IND
Anthony Fabiano,IND
Matthias Farley,IND
Josh Ferguson,IND
Clayton Geathers,IND
Jeremiah George,IND
Mark Glowinski,IND
Denzelle Good,IND
Frank Gore,IND
Jermaine Grace,IND
T.J. Green,IND
Joe Haeg,IND
Nate Hairston,IND
Johnathan Hankins,IND
Matt Hazel,IND
T.Y. Hilton,IND
Krishawn Hogan,IND
Malik Hooker,IND
Margus Hunt,IND
Anthony Johnson,IND
Matt Jones,IND
Brad Kaaya,IND
Kyle Kalis,IND
Ryan Kelly,IND
Henry Krieger Coble,IND
Marlon Mack,IND
Ronald Martin,IND
Joey Mbu,IND
Rashaan Melvin,IND
Jack Mewhort,IND
Chris Milton,IND
Barkevious Mingo,IND
Donte Moncrief,IND
Kenny Moore,IND
Antonio Morrison,IND
Joshua Perry,IND
Mike Person,IND
Adam Redmond,IND
Caraun Reid,IND
Luke Rhodes,IND
Hassan Ridgeway,IND
Chester Rogers,IND
Rigoberto Sanchez,IND
Darnell Sankey,IND
Jabaal Sheard,IND
John Simon,IND
Sean Spence,IND
Grover Stewart,IND
Scott Tolzien,IND
Ross Travis,IND
Robert Turbin,IND
Jason Vander Laan,IND
Adam Vinatieri,IND
Jeremy Vujnovich,IND
Anthony Walker,IND
D.J. White,IND
Brandon Williams,IND
Quincy Wilson,IND
Al Woods,IND
Eli Ankou,JAC
Arrelious Benn,JAC
Michael Bennett,JAC
Tommy Bohanon,JAC
Blake Bortles,JAC
A.J. Bouye,JAC
Blair Brown,JAC
Calais Campbell,JAC
A.J. Cann,JAC
Barry Church,JAC
Keelan Cole,JAC
Aaron Colvin,JAC
Marcell Dareus,JAC
Sheldon Day,JAC
Leonard Fournette,JAC
Dante Fowler Jr.,JAC
Tashaun Gipson,JAC
Corey Grant,JAC
Chad Henne,JAC
Colin Holba,JAC
Allen Hurns,JAC
Chris Ivory,JAC
Myles Jack,JAC
Malik Jackson,JAC
Abry Jones,JAC
Deon King,JAC
Ben Koyack,JAC
Josh Lambo,JAC
Marqise Lee,JAC
Marcedes Lewis,JAC
Brandon Linder,JAC
Max McCaffrey,JAC
Lerentee McCray,JAC
Jaydon Mickens,JAC
Jason Myers,JAC
Jalen Myrick,JAC
Yannick Ngakoue,JAC
Brad Nortman,JAC
James O'Shaughnessy,JAC
Patrick Omameh,JAC
Matt Overton,JAC
Jermey Parnell,JAC
Tyler Patmon,JAC
Donald Payne,JAC
Carroll Phillips,JAC
Larry Pinkard,JAC
Lafayette Pitts,JAC
Will Poehls,JAC
Paul Posluszny,JAC
Calvin Pryor,JAC
Jalen Ramsey,JAC
Christopher Reed,JAC
Allen Robinson,JAC
Cam Robinson,JAC
Tyler Shatley,JAC
Telvin Smith,JAC
Dawuane Smoot,JAC
Jaelen Strong,JAC
Peyton Thompson,JAC
Josh Walker,JAC
Josh Wells,JAC
Dede Westbrook,JAC
Jarrod Wilson,JAC
T.J. Yeldon,JAC
Kenneth Acker,KC
Allen Bailey,KC
Eric Berry,KC
Tyler Bray,KC
Harrison Butker,KC
Orson Charles,KC
Stefan Charles,KC
Jehu Chesson,KC
Dustin Colquitt,KC
Chris Conley,KC
Jordan Devey,KC
Laurent Duvernay-Tardif,KC
Parker Ehinger,KC
Ukeme Eligwe,KC
Cameron Erving,KC
Eric Fisher,KC
Dee Ford,KC
Zach Fulton,KC
Phillip Gaines,KC
Tamba Hali,KC
Justin Hamilton,KC
Demetrius Harris,KC
Tyreek Hill,KC
Justin Houston,KC
Akeem Hunt,KC
Kareem Hunt,KC
Jarvis Jenkins,KC
Derrick Johnson,KC
Chris Jones,KC
Travis Kelce,KC
Marcus Kemp,KC
Tanoh Kpassagnon,KC
Bennie Logan,KC
Patrick Mahomes,KC
Leon McQuay,KC
Roy Miller,KC
Terrance Mitchell,KC
Mitch Morse,KC
Eric Murray,KC
Steven Nelson,KC
Rakeem Nunez-Roches,KC
Ron Parker,KC
Marcus Peters,KC
Kevin Pierre-Louis,KC
Reggie Ragland,KC
Keith Reaser,KC
Darrelle Revis,KC
Demarcus Robinson,KC
Cairo Santos,KC
Mitchell Schwartz,KC
Anthony Sherman,KC
Alex Smith,KC
Terrance Smith,KC
Daniel Sorensen,KC
C.J. Spiller,KC
Steven Terrell,KC
Cam Thomas,KC
De'Anthony Thomas,KC
Ross Travis,KC
Charcandrick West,KC
Albert Wilson,KC
Ramik Wilson,KC
James Winchester,KC
Bryan Witzmann,KC
Frank Zombo,KC
Jahleel Addae,LAC
Keenan Allen,LAC
Jeremiah Attaochu,LAC
Joe Barksdale,LAC
Travis Benjamin,LAC
Joey Bosa,LAC
Tre Boston,LAC
Brett Boyko,LAC
Jatavis Brown,LAC
Kellen Clemens,LAC
Travis Coons,LAC
Sean Culkin,LAC
Jeff Cumberland,LAC
Geremy Davis,LAC
Michael Davis,LAC
Nick Dzubnar,LAC
Austin Ekeler,LAC
Kyle Emanuel,LAC
Dan Feeney,LAC
Antonio Gates,LAC
Melvin Gordon,LAC
Chris Hairston,LAC
Russell Hansbrough,LAC
Nigel Harris,LAC
Casey Hayward,LAC
Hunter Henry,LAC
Melvin Ingram,LAC
Dontrelle Inman,LAC
Rayshawn Jenkins,LAC
Cardale Jones,LAC
Drew Kaser,LAC
Josh Keyes,LAC
Desmond King,LAC
Younghoe Koo,LAC
Corey Liuget,LAC
Craig Mager,LAC
Chris McCain,LAC
Dexter McCoil,LAC
Sean McGrath,LAC
Brandon Mebane,LAC
Nick Novak,LAC
Russell Okung,LAC
Michael Ola,LAC
Branden Oliver,LAC
James Onwualu,LAC
Tenny Palepoi,LAC
Denzel Perryman,LAC
Adrian Phillips,LAC
Darius Philon,LAC
Hayes Pullard,LAC
Spencer Pulley,LAC
Philip Rivers,LAC
Isaac Rochell,LAC
Nick Rose,LAC
Michael Schofield,LAC
Matthew Slauson,LAC
Damion Square,LAC
Sam Tevi,LAC
Korey Toomer,LAC
Jason Verrett,LAC
Derek Watt,LAC
Kenny Wiggins,LAC
Andre Williams,LAC
Mike Williams,LAC
Trevor Williams,LAC
Tyrell Williams,LAC
Mike Windt,LAC
Maurice Alexander,LAR
Tavon Austin,LAR
Mark Barron,LAR
Connor Barwin,LAR
Austin Blythe,LAR
Michael Brockers,LAR
Jamon Brown,LAR
Malcolm Brown,LAR
Derek Carrier,LAR
Marqui Christian,LAR
Pharoh Cooper,LAR
Blake Countess,LAR
Cody Davis,LAR
Justin Davis,LAR
Aaron Donald,LAR
Lance Dunbar,LAR
Samson Ebukam,LAR
Gerald Everett,LAR
Sam Ficken,LAR
Morgan Fox,LAR
Jared Goff,LAR
Todd Gurley,LAR
Bryce Hager,LAR
Dominique Hatfield,LAR
Rob Havenstein,LAR
Johnny Hekker,LAR
Tyler Higbee,LAR
Troy Hill,LAR
Isaiah Johnson,LAR
John Johnson,LAR
Trumaine Johnson,LAR
Lamarcus Joyner,LAR
Cooper Kupp,LAR
Cory Littleton,LAR
Matt Longacre,LAR
Cornelius Lucas,LAR
Cameron Lynch,LAR
Sean Mannion,LAR
Jake McQuaide,LAR
John Mundt,LAR
Aaron Neary,LAR
Alec Ogletree,LAR
Kevin Peterson,LAR
Ejuan Price,LAR
Robert Quinn,LAR
Josh Reynolds,LAR
Nickell Robey,LAR
Rodger Saffold,LAR
Garrett Sickels,LAR
Tanzel Smart,LAR
John Sullivan,LAR
Mike Thomas,LAR
Carlos Thompson,LAR
Tyrunn Walker,LAR
Sammy Watkins,LAR
Kayvon Webster,LAR
Ethan Westbrooks,LAR
Andrew Whitworth,LAR
Darrell Williams,LAR
Robert Woods,LAR
Greg Zuerlein,LAR
Walt Aikens,MIA
Jay Ajayi,MIA
Chase Allen,MIA
Nate Allen,MIA
Kiko Alonso,MIA
Stephone Anthony,MIA
Isaac Asiata,MIA
Andre Branch,MIA
Jake Brendel,MIA
Jermon Bushrod,MIA
Leonte Carroo,MIA
Jay Cutler,MIA
Jesse Davis,MIA
John Denney,MIA
A.J. Derby,MIA
Kenyan Drake,MIA
Thomas Duarte,MIA
Trae Elston,MIA
David Fales,MIA
Anthony Fasano,MIA
Terrence Fede,MIA
Davon Godchaux,MIA
Jakeem Grant,MIA
MarQueis Gray,MIA
Matt Haack,MIA
Charles Harris,MIA
William Hayes,MIA
Neville Hewitt,MIA
Xavien Howard,MIA
Mike Hull,MIA
Ja'Wuan James,MIA
Reshad Jones,MIA
Jarvis Landry,MIA
Ted Larsen,MIA
Jordan Lucas,MIA
Cameron Malveaux,MIA
Justin March,MIA
Rey Maualuga,MIA
Byron Maxwell,MIA
Bobby McCain,MIA
T.J. McDonald,MIA
Torry McTyer,MIA
Matt Moore,MIA
DeVante Parker,MIA
Cody Parkey,MIA
Senorise Perry,MIA
Jordan Phillips,MIA
Mike Pouncey,MIA
Rashawn Scott,MIA
De'Veon Smith,MIA
Eric Smith,MIA
Maurice Smith,MIA
Anthony Steen,MIA
Zach Sterup,MIA
Kenny Stills,MIA
Ndamukong Suh,MIA
Cordrea Tankersley,MIA
Vincent Taylor,MIA
Julius Thomas,MIA
Michael Thomas,MIA
Lawrence Timmons,MIA
Laremy Tunsil,MIA
Alterraun Verner,MIA
Cameron Wake,MIA
Damien Williams,MIA
Gabe Wright,MIA
Sam Young,MIA
Mackensie Alexander,MIN
Anthony Barr,MIN
Blake Bell,MIN
Joe Berger,MIN
Tashawn Bower,MIN
Sam Bradford,MIN
Teddy Bridgewater,MIN
Tramaine Brock,MIN
Kentrell Brothers,MIN
Mack Brown,MIN
Kyle Carter,MIN
Stacy Coley,MIN
Aviante Collins,MIN
Dalvin Cook,MIN
Stefon Diggs,MIN
Nick Easton,MIN
Cornelius Edison,MIN
Pat Elflein,MIN
Michael Floyd,MIN
Kai Forbath,MIN
Ben Gedeon,MIN
Everson Griffen,MIN
C.J. Ham,MIN
Anthony Harris,MIN
Rashod Hill,MIN
Danielle Hunter,MIN
Danny Isidora,MIN
Jaleel Johnson,MIN
Tom Johnson,MIN
Linval Joseph,MIN
Jayron Kearse,MIN
Case Keenum,MIN
Eric Kendricks,MIN
Emmanuel Lamur,MIN
Kevin McDermott,MIN
Jerick McKinnon,MIN
David Morgan,MIN
Latavius Murray,MIN
Terence Newman,MIN
Jeff Overbaugh,MIN
Ryan Quigley,MIN
Riley Reiff,MIN
Mike Remmers,MIN
Xavier Rhodes,MIN
Brian Robison,MIN
Kyle Rudolph,MIN
Andrew Sendejo,MIN
Marcus Sherels,MIN
Jeremiah Sirles,MIN
Kyle Sloter,MIN
Harrison Smith,MIN
Shamar Stephen,MIN
Adam Thielen,MIN
Laquon Treadwell,MIN
Trae Waynes,MIN
Stephen Weatherly,MIN
Eric Wilson,MIN
Jarius Wright,MIN
Dwayne Allen,NE
Ryan Allen,NE
Danny Amendola,NE
David Andrews,NE
Johnson Bademosi,NE
Martellus Bennett,NE
Brandon Bolden,NE
Tom Brady,NE
Alan Branch,NE
Kenny Britt,NE
Malcom Brown,NE
Rex Burkhead,NE
Adam Butler,NE
Malcolm Butler,NE
Marcus Cannon,NE
Joe Cardona,NE
Patrick Chung,NE
Brandin Cooks,NE
Cole Croston,NE
James Develin,NE
Phillip Dorsett,NE
Nate Ebner,NE
Cameron Fleming,NE
Marquis Flowers,NE
Trey Flowers,NE
Jonathan Freeny,NE
Mike Gillislee,NE
Stephon Gilmore,NE
Stephen Gostkowski,NE
Nicholas Grigsby,NE
Geneo Grissom,NE
Rob Gronkowski,NE
Lawrence Guy,NE
Duron Harmon,NE
David Harris,NE
James Harrison,NE
Dont'a Hightower,NE
Chris Hogan,NE
Jacob Hollister,NE
Brian Hoyer,NE
Ricky Jean-Francois,NE
Jonathan Jones,NE
Ted Karras,NE
Brandon King,NE
Harvey Langi,NE
Eric Lee,NE
Dion Lewis,NE
Cassius Marsh,NE
Shaquille Mason,NE
Devin McCourty,NE
Bernard Reedy,NE
Trevor Reilly,NE
Jordan Richards,NE
Elandon Roberts,NE
Eric Rowe,NE
Matt Slater,NE
Nate Solder,NE
Joe Thuney,NE
Kyle Van Noy,NE
LaAdrian Waddle,NE
James White,NE
Deatrich Wise,NE
Alex Anzalone,NO
Terron Armstead,NO
Chris Banjo,NO
Vonn Bell,NO
Adam Bighill,NO
Drew Brees,NO
Rafael Bush,NO
Austin Carr,NO
Brandon Coleman,NO
Ken Crawley,NO
Chase Daniel,NO
Tyeler Davison,NO
Kasim Edebali,NO
Trey Edmunds,NO
Coby Fleener,NO
Jonathan Freeny,NO
John Fullington,NO
Ted Ginn Jr.,NO
Garrett Griffin,NO
Woodrow Hamilton,NO
Justin Hardee,NO
Bryce Harris,NO
De'Vante Harris,NO
Trey Hendrickson,NO
Josh Hill,NO
Taysom Hill,NO
Gerald Hodges,NO
Michael Hoomanawanui,NO
John Hughes,NO
Mark Ingram,NO
George Johnson,NO
Cameron Jordan,NO
Alvin Kamara,NO
Senio Kelemete,NO
Hau'oli Kikaha,NO
A.J. Klein,NO
John Kuhn,NO
Daniel Lasco,NO
Marshon Lattimore,NO
Josh LeRibeus,NO
Tommylee Lewis,NO
Zach Line,NO
Mitchell Loewen,NO
Wil Lutz,NO
Arthur Maulet,NO
Michael Mauti,NO
Tony McDaniel,NO
Dexter McDougle,NO
Sterling Moore,NO
Thomas Morstead,NO
Al-Quadin Muhammad,NO
Alex Okafor,NO
David Onyemata,NO
David Parry,NO
Andrus Peat,NO
Adrian Peterson,NO
John Phillips,NO
Ryan Ramczyk,NO
Sheldon Rankins,NO
Craig Robertson,NO
Willie Snead,NO
Zach Strief,NO
Nathan Stupar,NO
Manti Te'o,NO
Michael Thomas,NO
Cameron Tom,NO
Max Unger,NO
Kenny Vaccaro,NO
Larry Warford,NO
Jonathan Williams,NO
Marcus Williams,NO
P.J. Williams,NO
Zach Wood,NO
Andrew Adams,NYG
Jerell Adams,NYG
Eli Apple,NYG
Ray-Ray Armstrong,NYG
Akeem Ayers,NYG
Odell Beckham Jr.,NYG
Nick Becton,NYG
Nat Berhe,NYG
Adam Bisnowaty,NYG
Jay Bromley,NYG
Marquis Bundy,NYG
Nordly Capi,NYG
Jonathan Casillas,NYG
Ross Cockrell,NYG
Landon Collins,NYG
Orleans Darkwa,NYG
Donte Deayon,NYG
Zak DeOssie,NYG
Brandon Dixon,NYG
Ed Eagan,NYG
Rhett Ellison,NYG
Evan Engram,NYG
Ereck Flowers,NYG
D.J. Fluker,NYG
Wayne Gallman,NYG
B.J. Goodson,NYG
Curtis Grant,NYG
John Greco,NYG
Jon Halapio,NYG
Dwayne Harris,NYG
Nigel Harris,NYG
Damon Harrison,NYG
Bobby Hart,NYG
Michael Hunter,NYG
Janoris Jenkins,NYG
John Jerry,NYG
Brett Jones,NYG
Devon Kennard,NYG
Tavarres King,NYG
Matt LaCosse,NYG
Roger Lewis,NYG
Damien Mama,NYG
Eli Manning,NYG
Brandon Marshall,NYG
Derrick Mathews,NYG
Darryl Morris,NYG
Avery Moss,NYG
Calvin Munson,NYG
Ryan Murphy,NYG
Ryan O'Malley,NYG
Romeo Okwara,NYG
Paul Perkins,NYG
Jason Pierre-Paul,NYG
Darius Powe,NYG
Justin Pugh,NYG
Kalif Raymond,NYG
Weston Richburg,NYG
Keenan Robinson,NYG
Dominique Rodgers-Cromartie,NYG
Aldrick Rosas,NYG
Travis Rudolph,NYG
Tim Scott,NYG
Hunter Sharp,NYG
Sterling Shepard,NYG
Kelvin Sheppard,NYG
Deontae Skinner,NYG
Geno Smith,NYG
Shane Smith,NYG
Devin Taylor,NYG
J.T. Thomas,NYG
Robert Thomas,NYG
Darian Thompson,NYG
Dalvin Tomlinson,NYG
Shane Vereen,NYG
Olivier Vernon,NYG
Davis Webb,NYG
Chad Wheeler,NYG
Jordan Williams,NYG
Brad Wing,NYG
Kerry Wynn,NYG
Jamal Adams,NYJ
Robby Anderson,NYJ
David Bass,NYJ
Kelvin Beachum,NYJ
Freddie Bishop,NYJ
Terrence Brooks,NYJ
Juston Burris,NYJ
Travaris Cadet,NYJ
James Carpenter,NYJ
Bruce Carter,NYJ
Chandler Catanzaro,NYJ
Morris Claiborne,NYJ
Jeremy Clark,NYJ
Xavier Coleman,NYJ
Xavier Cooper,NYJ
Demario Davis,NYJ
Dylan Donahue,NYJ
Dakota Dozier,NYJ
Kony Ealy,NYJ
Lachlan Edwards,NYJ
Matt Forte,NYJ
Obum Gwacham,NYJ
Christian Hackenberg,NYJ
Chad Hansen,NYJ
Jonotthan Harrison,NYJ
Thomas Hennessy,NYJ
Benjamin Ijalana,NYJ
Jordan Jenkins,NYJ
Wesley Johnson,NYJ
Derrick Jones,NYJ
Jermaine Kearse,NYJ
Jeremy Kerley,NYJ
Darron Lee,NYJ
Josh Martin,NYJ
Marcus Maye,NYJ
Josh McCown,NYJ
Elijah McGuire,NYJ
Steve McLendon,NYJ
Rontez Miles,NYJ
JoJo Natson,NYJ
Robert Nelson,NYJ
Charone Peake,NYJ
Claude Pelon,NYJ
Mike Pennel,NYJ
Bryce Petty,NYJ
Bilal Powell,NYJ
Brent Qvale,NYJ
Kalif Raymond,NYJ
Darryl Roberts,NYJ
Edmond Robinson,NYJ
Rashard Robinson,NYJ
Austin Seferian-Jenkins,NYJ
Brandon Shell,NYJ
Deon Simon,NYJ
Darryl Skrine,NYJ
Julian Stanford,NYJ
Neal Sterling,NYJ
ArDarius Stewart,NYJ
Ed Stinson,NYJ
Jahad Thomas,NYJ
Lawrence Thomas,NYJ
Eric Tomlinson,NYJ
Will Tye,NYJ
Lucky Whitehead,NYJ
Muhammad Wilkerson,NYJ
Leonard Williams,NYJ
Marcus Williams,NYJ
Brian Winters,NYJ
Tyrell Adams,OAK
Vadal Alexander,OAK
David Amerson,OAK
Denico Autry,OAK
NaVorro Bowman,OAK
Pharaoh Brown,OAK
Shilique Calhoun,OAK
Derek Carr,OAK
T.J. Carrie,OAK
Jon Condo,OAK
Gareon Conley,OAK
Connor Cook,OAK
Jared Cook,OAK
Amari Cooper,OAK
James Cowser,OAK
Michael Crabtree,OAK
Mario Edwards Jr.,OAK
Justin Ellis,OAK
Jon Feliciano,OAK
Antonio Hamilton,OAK
Erik Harris,OAK
Treyvon Hester,OAK
Johnny Holton,OAK
Elijah Hood,OAK
Rodney Hudson,OAK
Bruce Irvin,OAK
Gabe Jackson,OAK
Cory James,OAK
Karl Joseph,OAK
Marquette King,OAK
Darius Latham,OAK
Marquel Lee,OAK
Shalom Luani,OAK
Marshawn Lynch,OAK
Khalil Mack,OAK
E.J. Manuel,OAK
Demetrius McCray,OAK
Dexter McDonald,OAK
Keith McGill,OAK
Obi Melifonwu,OAK
Nicholas Morrow,OAK
Reggie Nelson,OAK
Marshall Newhouse,OAK
Jamize Olawale,OAK
Kelechi Osemele,OAK
Cordarrelle Patterson,OAK
Donald Penn,OAK
Jalen Richard,OAK
Seth Roberts,OAK
David Sharpe,OAK
Brady Sheldon,OAK
Ian Silberman,OAK
Lee Smith,OAK
Sean Smith,OAK
James Stone,OAK
Giorgio Tavecchio,OAK
Eddie Vanderdoes,OAK
Clive Walford,OAK
Jihad Ward,OAK
Jylan Ware,OAK
DeAndre Washington,OAK
Isaac Whitney,OAK
Xavier Woodson-Luster,OAK
Nelson Agholor,PHI
Jay Ajayi,PHI
Beau Allen,PHI
Kenjon Barner,PHI
Derek Barnett,PHI
William Beatty,PHI
LeGarrette Blount,PHI
Nigel Bradham,PHI
Bryan Braman,PHI
Brandon Brooks,PHI
Trey Burton,PHI
Brent Celek,PHI
Corey Clement,PHI
Fletcher Cox,PHI
Vinny Curry,PHI
Ronald Darby,PHI
Rasul Douglas,PHI
Dannell Ellerbe,PHI
Jake Elliott,PHI
Trae Elston,PHI
Zach Ertz,PHI
Nick Foles,PHI
Nate Gerry,PHI
Shelton Gibson,PHI
Najee Goode,PHI
Brandon Graham,PHI
Corey Graham,PHI
Kamu Grugier-Hill,PHI
Justin Hamilton,PHI
Jordan Hicks,PHI
Mack Hollins,PHI
Alshon Jeffery,PHI
Malcolm Jenkins,PHI
Timmy Jernigan,PHI
Lane Johnson,PHI
Marcus Johnson,PHI
Donnie Jones,PHI
Sidney Jones,PHI
Jason Kelce,PHI
Mychal Kendricks,PHI
Chris Long,PHI
Rick Lovato,PHI
Chris Maragos,PHI
Dexter McDougle,PHI
Rodney McLeod,PHI
Steven Means,PHI
Jalen Mills,PHI
Jason Peters,PHI
Elijah Qualls,PHI
Patrick Robinson,PHI
Isaac Seumalo,PHI
Wendell Smallwood,PHI
Torrey Smith,PHI
Darren Sproles,PHI
Caleb Sturgis,PHI
Nate Sudfeld,PHI
Destiny Vaeao,PHI
Halapoulivaati Vaitai,PHI
Joe Walker,PHI
Chance Warmack,PHI
Jaylen Watkins,PHI
Carson Wentz,PHI
Stefen Wisniewski,PHI
Brian Allen,PIT
Tyson Alualu,PIT
Le'Veon Bell,PIT
Jordan Berry,PIT
Chris Boswell,PIT
Antonio Brown,PIT
Martavis Bryant,PIT
Artie Burns,PIT
Kameron Canaday,PIT
Anthony Chickillo,PIT
James Conner,PIT
Sean Davis,PIT
David DeCastro,PIT
Joshua Dobbs,PIT
Alvin Dupree,PIT
Matt Feiler,PIT
B.J. Finney,PIT
L.J. Fort,PIT
Ramon Foster,PIT
William Gay,PIT
Marcus Gilbert,PIT
Robert Golden,PIT
Xavier Grimble,PIT
Joe Haden,PIT
Javon Hargrave,PIT
James Harrison,PIT
Jerald Hawkins,PIT
Cameron Heyward,PIT
Darrius Heyward-Bey,PIT
Mike Hilton,PIT
Chris Hubbard,PIT
Justin Hunter,PIT
Jesse James,PIT
Steven Johnson,PIT
Landry Jones,PIT
Tyler Matakevich,PIT
Daniel McCullers,PIT
Vance McDonald,PIT
Michael Mitchell,PIT
Arthur Moats,PIT
Roosevelt Nix,PIT
Maurkice Pouncey,PIT
Stevan Ridley,PIT
Ben Roethlisberger,PIT
Eli Rogers,PIT
Coty Sensabaugh,PIT
Ryan Shazier,PIT
JuJu Smith-Schuster,PIT
Sean Spence,PIT
Cameron Sutton,PIT
Fitzgerald Toussaint,PIT
Stephon Tuitt,PIT
Alejandro Villanueva,PIT
Leterrius Walton,PIT
Terrell Watson,PIT
T.J. Watt,PIT
J.J. Wilcox,PIT
Vince Williams,PIT
Arik Armstead,SF
Ray-Ray Armstrong,SF
Tim Barnes,SF
Zane Beadles,SF
C.J. Beathard,SF
Ronald Blair,SF
Victor Bolden,SF
Kendrick Bourne,SF
NaVorro Bowman,SF
Matt Breida,SF
Trenton Brown,SF
DeForest Buckner,SF
Cornellius Carradine,SF
Garrett Celek,SF
Adrian Colbert,SF
Xavier Cooper,SF
Brock Coyle,SF
Sheldon Day,SF
Leger Douzable,SF
Elvis Dumervil,SF
Antone Exum,SF
Reuben Foster,SF
Brandon Fusco,SF
Pierre Garcon,SF
Jimmy Garoppolo,SF
Garry Gilliam,SF
Marquise Goodwin,SF
Robbie Gould,SF
Leon Hall,SF
Eli Harold,SF
Cole Hikutini,SF
Brian Hoyer,SF
Carlos Hyde,SF
Asa Jackson,SF
Lorenzo Jerome,SF
Dontae Johnson,SF
Chris Jones,SF
D.J. Jones,SF
Kyle Juszczyk,SF
Daniel Kilgore,SF
George Kittle,SF
Elijah Lee,SF
Aaron Lynch,SF
Greg Mabin,SF
Erik Magnuson,SF
Cassius Marsh,SF
Max McCaffrey,SF
Dexter McCoil,SF
Tony McDaniel,SF
Jeremy McNichols,SF
Earl Mitchell,SF
Raheem Mostert,SF
Louis Murphy,SF
Kyle Nelson,SF
Mark Nzeocha,SF
Logan Paulsen,SF
Bradley Pinion,SF
Tyvis Powell,SF
Keith Reaser,SF
Eric Reid,SF
Aldrick Robinson,SF
Rashard Robinson,SF
Joe Staley,SF
Jaquiski Tartt,SF
Pita Taumoepenu,SF
Trent Taylor,SF
Solomon Thomas,SF
Laken Tomlinson,SF
Jimmie Ward,SF
Dekoda Watson,SF
Darrell Williams,SF
K'Waun Williams,SF
Ahkello Witherspoon,SF
Oday Aboushi,SEA
D.J. Alexander,SEA
Cliff Avril,SEA
Doug Baldwin,SEA
David Bass,SEA
Michael Bennett,SEA
Justin Britt,SEA
Duane Brown,SEA
Chris Carson,SEA
Kam Chancellor,SEA
Frank Clark,SEA
Rodney Coe,SEA
Justin Coleman,SEA
Amara Darboh,SEA
Austin Davis,SEA
Mike Davis,SEA
Paul Dawson,SEA
Josh Forrest,SEA
Dwight Freeney,SEA
Terence Garvin,SEA
Mark Glowinski,SEA
Jimmy Graham,SEA
Shaquill Griffin,SEA
Delano Hill,SEA
Joey Hunt,SEA
Germain Ifedi,SEA
Branden Jackson,SEA
Quinton Jefferson,SEA
Luke Joeckel,SEA
Nazair Jones,SEA
Dion Jordan,SEA
Eddie Lacy,SEA
Jeremy Lane,SEA
Tyler Lockett,SEA
Tre Madden,SEA
Justin March,SEA
Byron Maxwell,SEA
Dewey McDonald,SEA
Bradley McDougald,SEA
Tanner McEvoy,SEA
J.D. McKissic,SEA
David Moore,SEA
Rees Odhiambo,SEA
Tyler Ott,SEA
Kache Palacio,SEA
Ethan Pocic,SEA
C.J. Prosise,SEA
Thomas Rawls,SEA
Jarran Reed,SEA
Paul Richardson,SEA
Sheldon Richardson,SEA
Jordan Roos,SEA
Jon Ryan,SEA
DeShawn Shead,SEA
Richard Sherman,SEA
Garrison Smith,SEA
Marcus Smith,SEA
Tyrone Swoopes,SEA
Earl Thomas,SEA
Tedric Thompson,SEA
Neiko Thorpe,SEA
Matt Tobin,SEA
Mike Tyson,SEA
Nick Vannett,SEA
Bobby Wagner,SEA
Blair Walsh,SEA
Michael Wilhoite,SEA
Luke Willson,SEA
Russell Wilson,SEA
K.J. Wright,SEA
Kwon Alexander,TB
Bryan Anger,TB
Antony Auclair,TB
Robert Ayers,TB
Chris Baker,TB
Peyton Barber,TB
Kendell Beckwith,TB
Caleb Benenoch,TB
Devante Bond,TB
Cameron Brate,TB
Riley Bullough,TB
Will Clarke,TB
Christopher Conte,TB
Alan Cross,TB
Lavonte David,TB
Demar Dotson,TB
Javien Elliott,TB
Justin Evans,TB
Mike Evans,TB
Ryan Fitzpatrick,TB
Nick Folk,TB
Adam Gettis,TB
William Gholston,TB
Chris Godwin,TB
Ryan Griffin,TB
Brent Grimes,TB
Vernon Hargreaves III,TB
Nigel Harris,TB
Joe Hawley,TB
O.J. Howard,TB
Adam Humphries,TB
DeSean Jackson,TB
Isaiah Johnson,TB
Mike Liedtke,TB
Cameron Lynch,TB
Ali Marpet,TB
Doug Martin,TB
Freddie Martino,TB
Robert McClain,TB
Gerald McCoy,TB
Clinton McDonald,TB
Patrick Murray,TB
Pat O'Connor,TB
Ayodeji Olatoye,TB
Kevin Pamphile,TB
Bernard Reedy,TB
David Rivers,TB
Josh Robinson,TB
Jacquizz Rodgers,TB
Ryan Russell,TB
Garrison Sanborn,TB
Sealver Siliga,TB
Charles Sims,TB
Donovan Smith,TB
Evan Smith,TB
Jacquies Smith,TB
Ryan Smith,TB
Noah Spence,TB
Luke Stocker,TB
J.R. Sweezy,TB
Keith Tandy,TB
Darryl Tapp,TB
Adarius Taylor,TB
Channing Ward,TB
T.J. Ward,TB
Leonard Wester,TB
Jesus Wilson,TB
Jameis Winston,TB
Daren Bates,TEN
Beau Brinkley,TEN
Jayon Brown,TEN
Kevin Byard,TEN
Josh Carraway,TEN
Jurrell Casey,TEN
Matt Cassel,TEN
Jack Conklin,TEN
Johnathan Cyprien,TEN
Corey Davis,TEN
Eric Decker,TEN
Kevin Dodd,TEN
Harry Douglas,TEN
David Fluellen,TEN
Jalston Fowler,TEN
Derrick Henry,TEN
Adoree' Jackson,TEN
Austin Johnson,TEN
Ben Jones,TEN
DaQuan Jones,TEN
Dennis Kelly,TEN
Brett Kern,TEN
David King,TEN
Josh Kline,TEN
Karl Klug,TEN
Corey Levin,TEN
Taylor Lewan,TEN
Marcus Mariota,TEN
Rishard Matthews,TEN
Brice McCain,TEN
Derrick Morgan,TEN
Khalfani Muhammad,TEN
DeMarco Murray,TEN
Brian Orakpo,TEN
Nate Palmer,TEN
Kalan Reed,TEN
Curtis Riley,TEN
Logan Ryan,TEN
Brian Schwenke,TEN
Da'Norris Searcy,TEN
LeShaun Sims,TEN
Jonnu Smith,TEN
Tye Smith,TEN
Quinton Spain,TEN
Luke Stocker,TEN
Ryan Succop,TEN
Phillip Supernaw,TEN
Taywan Taylor,TEN
Brynden Trawick,TEN
Erik Walden,TEN
Delanie Walker,TEN
Aaron Wallace,TEN
Brandon Weeden,TEN
Eric Weems,TEN
Sylvester Williams,TEN
Avery Williamson,TEN
Wesley Woodyard,TEN
Jonathan Allen,WAS
Ryan Anderson,WAS
Brandon Banks,WAS
Tony Bergstrom,WAS
Kapri Bibbs,WAS
Bashaud Breeland,WAS
Mack Brown,WAS
Zach Brown,WAS
Chris Carter,WAS
Tyler Catalina,WAS
T.J. Clemmings,WAS
Will Compton,WAS
Kirk Cousins,WAS
Jamison Crowder,WAS
LeShun Daniels,WAS
Robert Davis,WAS
Vernon Davis,WAS
Josh Doctson,WAS
Quinton Dunbar,WAS
Deshazor Everett,WAS
Mason Foster,WAS
A.J. Francis,WAS
Orlando Franklin,WAS
Kendall Fuller,WAS
Junior Galette,WAS
Manasseh Garner,WAS
Ryan Grant,WAS
DeAngelo Hall,WAS
Maurice Harris,WAS
Josh Harvey-Clemons,WAS
Joshua Holsey,WAS
Evander Hood,WAS
Dustin Hopkins,WAS
Matt Ioannidis,WAS
Art Jones,WAS
Kyle Kalis,WAS
Rob Kelley,WAS
Ryan Kerrigan,WAS
Arie Kouandjio,WAS
Anthony Lanier,WAS
Shawn Lauvao,WAS
Spencer Long,WAS
Byron Marshall,WAS
Terrell McClain,WAS
Stefan McClure,WAS
Colt McCoy,WAS
Stacy McGee,WAS
Fabian Moreau,WAS
Morgan Moses,WAS
Montae Nicholson,WAS
Josh Norman,WAS
Ty Nsekhe,WAS
Dare Ogunbowale,WAS
Niles Paul,WAS
Samaje Perine,WAS
Otha Peters,WAS
Terrelle Pryor,WAS
Brian Quick,WAS
Jordan Reed,WAS
Demetrius Rhaney,WAS
Pete Robertson,WAS
Nick Rose,WAS
Chase Roullier,WAS
Brandon Scherff,WAS
Preston Smith,WAS
Anthony Smithson,WAS
Martrell Spaight,WAS
Jeremy Sprinkle,WAS
Nick Sundberg,WAS
D.J. Swearinger,WAS
Chris Thompson,WAS
Zach Vigil,WAS
Tress Way,WAS
Trent Williams,WAS